vardas,pavarde,emailas,firma,
asd,turulis2,asd@asd.lt,UAB php2
asd,turulis2,asd@asd.lt,UAB php2
asd,turulis2,asd@asd.lt,UAB php2
asd1,turulis2,asd1@asd.lt,UAB php2
naujas,irasas,emailas@lempa.lt,UAB Kirilica
naujas,irasas,emailas@lempa1.lt,UAB Kirilica
naujas,irasas,emailas@lemlpa1.lt,UAB Kirilica
Naujas,Irasas,emailas@le1mlpa1.lt,UAB Kirilica
Naaas,Irasas,emailas@le1malpa1.lt,UAB Kirilica,
Naaas,Irasas,emailae1malpa1.lt,UAB Kirilica,
Naaas,Irasas,emailae@1malpa1.lt,UAB Kirilica,
Naaas,Irasas,emailae@12malpa1.lt,UAB Kirilica,
