firma,emailas,
UAB,pastas@pastas.lt,
UAB,pastas@pastas.lt,
UAB,pastas@pastas.lt,
UAB,pastas@pastas.lt,
UAB,pastas@pastas.lt,
UAB,pastas@pastas.lt,
UAB,pastas@pastas.lt,
UAB,pastas@pastas.lt,
UAB,pastas@pastas.lt,
UAB,pastas@pastas.lt,
UAB,pastas@pastas.lt,
UAB,pastas@pastas.lt,
UAB,pastas@pastas.lt,
UAB,pastas@pastas.lt,
UAB,pastas@pastas.lt,
UAB,pastas@pastas.lt,
UAB,pastas@pastas.lt,
UAB,pastas@pastas.lt,
UAB,pastas@pastas.lt,
UAB,pastas@pastas.lt,
UAB,pastas@pastas.lt,
UAB,pastas@pastas.lt,
UAB,pastas@pastas.lt,
UAB,pastas@pastas.lt,
UAB,pastas@pastas.lt,
UAB,pastas@pastas.lt,
UAB,pastas@pastas.lt,
UAB,pastas@pastas.lt,
UAB,pastas@pastas.lt,
UAB,pastas@pastas.lt,
UAB,pastas@pastas.lt,
UAB,pastas@pastas.lt,
UAB,pastas@pastas.lt,
UAB,pastas@pastas.lt,
UAB,pastas@pastas.lt,
UAB,pastas@pastas.lt,
UAB,pastas@pastas.lt,
UAB,pastas@pastas.lt,
UAB,pastas@pastas.lt,
UAB,pastas@pastas.lt,
UAB,pastas@pastas.lt,
UAB,pastas@pastas.lt,
UAB,pastas@pastas.lt,
UAB,pastas@pastas.lt,
UAB,pastas@pastas.lt,
UAB,pastas@pastas.lt,
UAB,pastas@pastas.lt,
UAB,pastas@pastas.lt,
UAB,pastas@pastas.lt,
UAB,pastas@pastas.lt,
UAB,pastas@pastas.lt,
UAB,pastas@pastas.lt,
UAB,pastas@pastas.lt,
UAB,pastas@pastas.lt,
UAB,pastas@pastas.lt,
UAB,pastas@pastas.lt,
UAB,pastas@pastas.lt,
UAB,pastas@pastas.lt,
UAB,pastas@pastas.lt,
UAB,pastas@pastas.lt,
UAB,pastas@pastas.lt,
UAB,pastas@pastas.lt,
UAB,pastas@pastas.lt,
UAB,pastas@pastas.lt,
UAB,pastas@pastas.lt,
UAB,pastas@pastas.lt,
UAB,pastas@pastas.lt,
UAB,pastas@pastas.lt,
UAB,pastas@pastas.lt,
UAB,pastas@pastas.lt,
UAB,pastas@pastas.lt,
UAB,pastas@pastas.lt,
UAB,pastas@pastas.lt,
UAB,pastas@pastas.lt,
UAB,pastas@pastas.lt,
UAB,pastas@pastas.lt,
UAB,pastas@pastas.lt,
UAB,pastas@pastas.lt,
UAB,pastas@pastas.lt,
UAB,pastas@pastas.lt,
UAB,pastas@pastas.lt,
UAB,pastas@pastas.lt,
UAB,pastas@pastas.lt,
UAB,pastas@pastas.lt,
UAB,pastas@pastas.lt,
UAB,pastas@pastas.lt,
UAB,pastas@pastas.lt,
UAB,pastas@pastas.lt,
UAB,pastas@pastas.lt,
UAB,pastas@pastas.lt,
UAB,pastas@pastas.lt,
UAB,pastas@pastas.lt,
UAB,pastas@pastas.lt,
UAB,pastas@pastas.lt,
UAB,pastas@pastas.lt,
UAB,pastas@pastas.lt,
UAB,pastas@pastas.lt,
UAB,pastas@pastas.lt,
UAB,pastas@pastas.lt,
UAB,pastas@pastas.lt,
UAB,pastas@pastas.lt,
UAB,pastas@pastas.lt,
UAB,pastas@pastas.lt,
UAB,pastas@pastas.lt,
UAB,pastas@pastas.lt,
UAB,pastas@pastas.lt,
UAB,pastas@pastas.lt,
UAB,pastas@pastas.lt,
UAB,pastas@pastas.lt,
UAB,pastas@pastas.lt,
UAB,pastas@pastas.lt,
UAB,pastas@pastas.lt,
UAB,pastas@pastas.lt,
UAB,pastas@pastas.lt,
UAB,pastas@pastas.lt,
UAB,pastas@pastas.lt,
UAB,pastas@pastas.lt,
UAB,pastas@pastas.lt,
UAB,pastas@pastas.lt,
UAB,pastas@pastas.lt,
UAB,pastas@pastas.lt,
UAB,pastas@pastas.lt,
UAB,pastas@pastas.lt,
UAB,pastas@pastas.lt,
UAB,pastas@pastas.lt,

